"Date ","series ","OPEN ","HIGH ","LOW ","PREV. CLOSE ","ltp ","close ","vwap ","52W H ","52W L ","VOLUME ","VALUE ","No of trades "
"01-Feb-2021","EQ","269.75","282.00","255.35","262.70","280.30","279.60","269.60","306.90","63.50",165655500,"44,660,633,817.45",797774
"29-Jan-2021","EQ","273.00","278.80","260.60","266.80","262.35","262.70","270.74","306.90","63.50",138442348,"37,481,389,731.10",588270
"28-Jan-2021","EQ","260.05","273.40","259.05","267.50","266.00","266.80","266.80","306.90","63.50",129156876,"34,459,498,740.45",543019
"27-Jan-2021","EQ","274.90","275.00","265.70","279.15","266.75","267.50","269.62","306.90","63.50",126586833,"34,130,526,615.40",577227
"25-Jan-2021","EQ","296.90","299.50","277.35","289.35","278.70","279.15","284.75","306.90","63.50",164346913,"46,797,325,645.85",726552
"22-Jan-2021","EQ","295.95","306.90","278.35","290.60","290.85","289.35","296.37","306.90","63.50",316008609,"93,656,707,364.20",1318669
"21-Jan-2021","EQ","281.00","299.00","280.00","274.90","292.45","290.60","291.38","299.00","63.50",283614463,"82,638,647,239.00",1124524
"20-Jan-2021","EQ","260.00","277.50","258.85","258.65","274.40","274.90","271.49","277.50","63.50",205145151,"55,695,362,793.25",828086
"19-Jan-2021","EQ","251.50","261.70","251.30","245.95","258.75","258.65","256.26","264.65","63.50",136861059,"35,072,393,058.90",522685
"18-Jan-2021","EQ","261.65","262.45","241.15","260.30","244.50","245.95","249.46","264.65","63.50",173383224,"43,251,333,303.50",651158
"15-Jan-2021","EQ","246.00","264.65","242.60","245.10","261.60","260.30","255.48","264.65","63.50",250038029,"63,879,688,196.45",907714
"14-Jan-2021","EQ","242.85","249.80","238.60","242.60","245.25","245.10","244.21","252.40","63.50",86819519,"21,202,397,636.60",379083
"13-Jan-2021","EQ","242.90","248.80","238.40","237.80","242.85","242.60","243.45","252.40","63.50",164649387,"40,084,035,851.50",612651
"12-Jan-2021","EQ","227.00","252.40","224.10","220.65","237.25","237.80","238.18","252.40","63.50",390577839,"93,029,495,460.45",1303825
"11-Jan-2021","EQ","199.90","225.40","199.65","198.15","223.20","220.65","211.45","225.40","63.50",182483100,"38,585,523,226.80",635889
"08-Jan-2021","EQ","198.75","201.50","197.10","196.75","197.85","198.15","199.44","201.70","63.50",53991568,"10,768,126,835.90",191216
"07-Jan-2021","EQ","197.00","200.35","195.10","195.40","196.50","196.75","198.02","201.70","63.50",66024848,"13,073,913,349.50",232249
"06-Jan-2021","EQ","194.45","197.60","190.65","193.20","194.90","195.40","194.82","201.70","63.50",75621947,"14,732,365,582.35",302100
"05-Jan-2021","EQ","187.10","193.90","185.05","191.30","193.00","193.20","188.96","201.70","63.50",75752593,"14,313,931,037.85",299902
"04-Jan-2021","EQ","191.80","193.00","188.75","186.50","191.15","191.30","191.13","201.70","63.50",63980597,"12,228,765,285.55",253278
"01-Jan-2021","EQ","184.95","187.00","184.50","183.85","186.55","186.50","185.68","201.70","63.50",27334421,"5,075,365,028.55",110094
"31-Dec-2020","EQ","184.85","187.50","182.80","184.15","183.50","183.85","185.33","201.70","63.50",48978310,"9,077,220,422.90",182333
"30-Dec-2020","EQ","183.10","185.40","180.40","183.45","184.85","184.15","182.49","201.70","63.50",38576159,"7,039,750,093.50",140846
"29-Dec-2020","EQ","187.90","188.45","181.10","186.35","183.50","183.45","184.51","201.70","63.50",71318085,"13,159,122,342.40",288808
"28-Dec-2020","EQ","179.85","187.40","179.00","175.95","186.00","186.35","184.40","201.70","63.50",98012135,"18,073,634,113.15",356065
"24-Dec-2020","EQ","172.00","178.00","172.00","169.20","175.80","175.95","175.59","201.70","63.50",73831319,"12,963,747,737.15",254698
"23-Dec-2020","EQ","165.00","169.70","163.40","164.95","169.50","169.20","166.94","201.70","63.50",56930071,"9,503,742,280.20",197114
"22-Dec-2020","EQ","164.55","169.20","156.70","164.55","165.05","164.95","161.45","201.70","63.50",110009846,"17,761,321,437.50",407075
"21-Dec-2020","EQ","176.00","177.55","162.50","180.55","163.50","164.55","170.86","201.70","63.50",75582907,"12,914,314,394.40",332579
"18-Dec-2020","EQ","180.90","181.50","176.65","181.70","180.40","180.55","179.59","201.70","63.50",46065197,"8,272,922,292.35",142599
"17-Dec-2020","EQ","184.00","184.00","180.65","182.55","181.30","181.70","182.75","201.70","63.50",34101954,"6,232,261,080.20",119653
"16-Dec-2020","EQ","181.00","183.80","180.10","178.90","182.25","182.55","182.28","201.70","63.50",51259394,"9,343,791,573.45",176362
"15-Dec-2020","EQ","176.45","179.70","173.25","177.65","178.90","178.90","175.70","201.70","63.50",41190341,"7,237,031,319.90",173128
"14-Dec-2020","EQ","181.00","181.50","176.70","178.85","177.90","177.65","178.12","201.70","63.50",33186273,"5,911,041,528.75",132474
"11-Dec-2020","EQ","177.95","181.45","176.50","177.60","178.20","178.85","179.30","201.70","63.50",43065542,"7,721,727,569.50",177254
"10-Dec-2020","EQ","182.70","182.70","176.40","182.70","177.95","177.60","178.33","201.70","63.50",38368777,"6,842,370,815.25",160033
"09-Dec-2020","EQ","183.00","186.40","181.65","181.80","182.85","182.70","183.87","201.70","63.50",40300535,"7,410,171,899.10",179777
"08-Dec-2020","EQ","184.95","185.70","178.95","183.55","181.75","181.80","182.23","201.70","63.50",42143391,"7,679,876,271.05",178817
"07-Dec-2020","EQ","184.45","186.45","182.70","184.15","183.90","183.55","184.40","201.70","63.50",29802472,"5,495,510,398.50",118659
"04-Dec-2020","EQ","186.50","188.80","182.20","184.85","184.25","184.15","185.44","201.70","63.50",47995639,"8,900,542,774.70",190324
"03-Dec-2020","EQ","185.00","186.00","183.25","183.60","185.00","184.85","184.78","201.70","63.50",33332481,"6,159,303,793.85",140459
"02-Dec-2020","EQ","184.00","187.35","181.10","179.75","183.30","183.60","184.35","201.70","63.50",88107889,"16,242,924,919.00",311386
"01-Dec-2020","EQ","182.35","182.40","178.10","180.35","179.85","179.75","179.94","201.70","63.50",48881250,"8,795,551,167.40",199976
"27-Nov-2020","EQ","174.65","183.85","174.65","173.75","178.65","180.35","181.13","201.70","63.50",125926062,"22,808,680,610.25",404522
"26-Nov-2020","EQ","171.60","175.00","171.05","171.45","174.65","173.75","172.44","201.70","63.50",39094724,"6,741,676,312.80",153282
"25-Nov-2020","EQ","175.00","176.80","169.25","172.05","170.95","171.45","173.82","201.70","63.50",54366608,"9,449,800,832.10",237171
"24-Nov-2020","EQ","171.85","175.50","171.10","170.70","172.00","172.05","173.64","201.70","63.50",47695247,"8,281,642,645.30",208912
"23-Nov-2020","EQ","169.50","173.90","165.55","169.10","170.45","170.70","169.75","201.70","63.50",54566251,"9,262,861,649.50",223504
"20-Nov-2020","EQ","170.05","171.55","165.55","167.95","168.30","169.10","168.89","201.70","63.50",66935703,"11,304,949,881.45",282455
"19-Nov-2020","EQ","171.40","176.35","166.55","173.50","166.95","167.95","172.00","201.70","63.50",109449407,"18,825,347,151.75",372052
"18-Nov-2020","EQ","158.85","178.80","158.55","158.00","173.00","173.50","167.95","201.70","63.50",171801183,"28,854,826,175.25",551801
"17-Nov-2020","EQ","152.50","159.35","152.20","148.85","158.00","158.00","155.60","201.70","63.50",82644841,"12,859,206,594.55",358314
"14-Nov-2020","EQ","148.70","150.80","148.00","146.35","148.45","148.85","149.50","201.70","63.50",11749453,"1,756,513,865.15",97665
"13-Nov-2020","EQ","150.00","150.00","145.35","151.20","146.20","146.35","147.35","201.70","63.50",32566537,"4,798,821,289.35",147362
"12-Nov-2020","EQ","150.95","153.85","150.00","150.95","151.15","151.20","151.84","201.70","63.50",56145517,"8,525,042,199.75",189533
"11-Nov-2020","EQ","146.50","151.50","145.65","146.00","151.10","150.95","148.92","201.70","63.50",78583629,"11,702,511,653.20",252397
"10-Nov-2020","EQ","144.05","146.70","142.75","141.00","145.90","146.00","144.94","201.70","63.50",68794369,"9,971,184,928.45",229226
"09-Nov-2020","EQ","140.60","141.50","138.70","139.00","141.05","141.00","140.37","201.70","63.50",40277460,"5,653,762,480.85",144723
"06-Nov-2020","EQ","137.65","142.30","137.65","137.65","138.70","139.00","140.04","201.70","63.50",67966815,"9,518,315,913.35",219687
"05-Nov-2020","EQ","137.00","138.00","136.00","135.90","137.65","137.65","137.16","201.70","63.50",38928602,"5,339,416,418.95",135309
"04-Nov-2020","EQ","135.60","137.00","134.00","134.10","135.65","135.90","135.35","201.70","63.50",44675934,"6,046,713,196.20",135790
"03-Nov-2020","EQ","135.00","137.40","133.55","132.85","133.90","134.10","135.23","201.70","63.50",52071476,"7,041,644,361.70",175863
"02-Nov-2020","EQ","133.65","134.00","131.10","132.65","132.70","132.85","132.46","201.70","63.50",40388690,"5,349,833,493.65",133563
"30-Oct-2020","EQ","133.20","134.50","130.30","131.90","133.20","132.65","132.39","201.70","63.50",51128679,"6,769,124,459.40",180110
"29-Oct-2020","EQ","132.00","133.00","130.00","134.80","132.00","131.90","131.45","201.70","63.50",66634175,"8,759,323,437.70",227711
"28-Oct-2020","EQ","139.00","143.25","133.50","135.65","134.75","134.80","138.52","201.70","63.50",152361862,"21,104,506,025.10",473350
"27-Oct-2020","EQ","134.15","136.75","130.85","133.70","136.65","135.65","134.38","201.70","63.50",56861313,"7,641,152,363.75",204736
"26-Oct-2020","EQ","138.40","140.80","131.25","137.00","133.65","133.70","135.51","201.70","63.50",88533181,"11,996,720,996.50",310965
"23-Oct-2020","EQ","134.90","138.90","134.10","133.50","136.65","137.00","136.74","201.70","63.50",68712845,"9,395,966,779.25",254495
"22-Oct-2020","EQ","129.70","134.60","128.45","130.25","134.25","133.50","131.66","201.70","63.50",48808808,"6,425,930,305.10",182545
"21-Oct-2020","EQ","131.05","133.10","128.30","129.65","130.60","130.25","131.03","201.70","63.50",39252680,"5,143,473,415.85",202411
"20-Oct-2020","EQ","128.10","130.30","126.35","128.25","129.35","129.65","128.12","201.70","63.50",27470025,"3,519,466,619.35",121548
"19-Oct-2020","EQ","129.80","130.40","127.80","127.75","128.25","128.25","128.81","201.70","63.50",33161414,"4,271,356,554.10",149958
"16-Oct-2020","EQ","129.40","130.05","126.00","126.95","127.80","127.75","127.72","201.70","63.50",62554211,"7,989,628,143.30",208292
"15-Oct-2020","EQ","131.50","134.35","126.50","130.70","126.55","126.95","130.76","201.70","63.50",64004610,"8,369,072,219.05",234276
"14-Oct-2020","EQ","133.75","134.65","128.80","134.10","130.50","130.70","130.71","201.70","63.50",45792723,"5,985,719,549.80",179136
"13-Oct-2020","EQ","135.40","137.10","132.85","135.90","133.95","134.10","134.89","201.70","63.50",38973857,"5,257,195,327.25",143477
"12-Oct-2020","EQ","139.65","139.65","133.00","138.45","135.90","135.90","135.67","201.70","63.50",39279464,"5,329,218,690.75",143425
"09-Oct-2020","EQ","141.15","142.65","138.00","140.95","138.60","138.45","139.59","201.70","63.50",37097517,"5,178,567,429.05",134757
"08-Oct-2020","EQ","142.85","143.50","139.60","141.00","141.15","140.95","141.30","201.70","63.50",40943141,"5,785,076,340.80",138293
"07-Oct-2020","EQ","144.25","144.50","139.80","144.75","141.15","141.00","141.93","201.70","63.50",68274103,"9,689,921,396.00",226108
"06-Oct-2020","EQ","138.00","145.80","136.00","133.90","144.45","144.75","143.13","201.70","63.50",162047240,"23,193,614,030.45",502876
"05-Oct-2020","EQ","136.95","137.50","132.05","133.50","134.20","133.90","134.39","201.70","63.50",55268395,"7,427,641,026.70",164992
"01-Oct-2020","EQ","135.90","136.50","132.55","133.30","133.85","133.50","134.70","201.70","63.50",40491787,"5,454,141,488.50",146860
"30-Sep-2020","EQ","131.55","134.40","130.30","131.70","133.40","133.30","132.74","201.70","63.50",48859151,"6,485,567,787.80",142415
"29-Sep-2020","EQ","134.95","136.00","130.70","132.85","131.95","131.70","132.67","201.70","63.50",63367335,"8,406,725,947.75",195477
"28-Sep-2020","EQ","128.90","134.30","127.50","127.25","133.10","132.85","132.37","201.70","63.50",61830960,"8,184,423,328.70",211738
"25-Sep-2020","EQ","123.70","128.35","123.10","122.80","127.00","127.25","125.92","201.70","63.50",65042619,"8,189,982,129.00",228746
"24-Sep-2020","EQ","127.90","128.80","122.15","131.40","122.75","122.80","125.21","201.70","63.50",62423543,"7,816,010,130.90",264670
"23-Sep-2020","EQ","135.50","136.70","127.90","133.10","131.40","131.40","132.13","201.70","63.50",74983029,"9,907,846,374.45",239508
"22-Sep-2020","EQ","138.00","138.15","129.65","137.45","133.85","133.10","133.16","201.70","63.50",87298376,"11,624,978,140.70",300880
"21-Sep-2020","EQ","147.75","147.75","135.50","147.90","136.30","137.45","141.58","201.70","63.50",64735434,"9,165,561,173.85",259712
"18-Sep-2020","EQ","148.70","150.50","146.25","147.65","147.75","147.90","148.70","201.70","63.50",46271652,"6,880,673,993.80",160380
"17-Sep-2020","EQ","150.80","151.00","146.20","151.45","147.75","147.65","148.23","201.70","63.50",48119523,"7,132,693,233.60",189486
"16-Sep-2020","EQ","149.20","154.30","148.55","148.40","151.00","151.45","152.38","201.70","63.50",85057870,"12,960,805,723.15",310895
"15-Sep-2020","EQ","149.40","149.40","146.55","148.55","148.90","148.40","147.91","201.70","63.50",42887987,"6,343,391,226.80",149199
"14-Sep-2020","EQ","147.20","151.10","145.50","144.30","147.15","148.55","148.41","201.70","63.50",84506253,"12,541,694,740.90",308205
"11-Sep-2020","EQ","143.10","146.80","141.65","143.30","143.65","144.30","144.31","201.70","63.50",65137801,"9,399,913,625.00",219391
"10-Sep-2020","EQ","142.80","144.50","138.00","140.10","143.10","143.30","142.21","201.70","63.50",79606710,"11,320,504,743.45",263631
"09-Sep-2020","EQ","141.00","141.75","135.70","142.30","140.65","140.10","138.60","201.70","63.50",105358206,"14,602,596,240.75",297038
"08-Sep-2020","EQ","149.45","149.60","141.20","149.40","142.35","142.30","145.64","201.70","63.50",76297951,"11,111,995,747.35",251056
"07-Sep-2020","EQ","150.00","152.00","148.00","147.80","149.00","149.40","149.73","201.70","63.50",82619417,"12,370,900,506.60",295645
"04-Sep-2020","EQ","147.90","153.65","147.00","151.85","147.60","147.80","150.41","201.70","63.50",95565047,"14,373,868,490.35",318751
"03-Sep-2020","EQ","151.60","155.20","149.55","150.30","151.45","151.85","152.39","201.70","63.50",110156875,"16,787,061,799.10",355201
"02-Sep-2020","EQ","144.30","151.65","141.45","143.80","151.50","150.30","146.20","201.70","63.50",74951550,"10,957,976,732.85",246918
"01-Sep-2020","EQ","143.40","145.15","140.40","143.20","144.00","143.80","142.74","201.70","63.50",58811608,"8,394,646,496.00",185102
"31-Aug-2020","EQ","144.50","147.95","138.20","142.80","142.10","143.20","144.19","201.70","63.50",160564520,"23,151,293,812.15",430759
"28-Aug-2020","EQ","144.15","146.20","140.50","144.25","142.75","142.80","143.07","201.70","63.50",95196419,"13,619,793,279.20",296547
"27-Aug-2020","EQ","140.10","146.85","139.30","137.90","143.60","144.25","143.14","201.70","63.50",181382530,"25,962,563,255.05",527074
"26-Aug-2020","EQ","130.50","139.00","128.35","127.10","138.40","137.90","133.87","201.70","63.50",197516356,"26,441,765,429.90",583201
"25-Aug-2020","EQ","121.80","128.35","121.10","121.20","127.65","127.10","125.13","201.70","63.50",90267008,"11,294,660,730.25",268606
"24-Aug-2020","EQ","122.00","123.00","120.80","120.90","121.10","121.20","121.72","201.70","63.50",31296668,"3,809,459,829.90",106961
"21-Aug-2020","EQ","124.20","124.20","120.15","121.70","121.25","120.90","121.91","201.70","63.50",48650670,"5,930,890,162.85",171419
"20-Aug-2020","EQ","123.45","125.65","121.10","125.15","121.85","121.70","123.35","201.70","63.50",43533457,"5,370,047,661.00",167940
"19-Aug-2020","EQ","127.00","127.60","124.75","125.60","125.30","125.15","126.17","201.70","63.50",45133950,"5,694,568,520.25",137522
"18-Aug-2020","EQ","124.00","127.50","123.60","123.55","125.55","125.60","125.50","201.70","63.50",62154483,"7,800,696,583.95",186007
"17-Aug-2020","EQ","124.50","126.25","120.60","124.60","123.70","123.55","123.93","201.70","63.50",61154591,"7,579,031,713.95",194650
"14-Aug-2020","EQ","131.15","132.65","123.70","131.15","124.85","124.60","127.78","201.70","63.50",75034602,"9,587,710,674.25",284236
"13-Aug-2020","EQ","126.10","131.90","124.40","125.35","131.10","131.15","128.74","201.70","63.50",95490351,"12,293,636,061.65",314690
"12-Aug-2020","EQ","121.00","126.40","120.60","122.30","125.00","125.35","123.54","201.70","63.50",50715485,"6,265,204,115.25",181485
"11-Aug-2020","EQ","125.00","125.80","121.40","123.85","122.55","122.30","123.12","201.70","63.50",50225180,"6,183,949,984.50",151464
"10-Aug-2020","EQ","119.95","124.70","119.70","119.10","123.35","123.85","122.90","201.70","63.50",71095910,"8,737,339,637.05",243534
"07-Aug-2020","EQ","117.00","119.70","116.00","116.80","118.90","119.10","118.33","201.70","63.50",56489837,"6,684,420,204.70",169070
"06-Aug-2020","EQ","116.20","117.70","115.50","115.40","117.15","116.80","116.46","201.70","63.50",60093689,"6,998,380,454.20",161993
"05-Aug-2020","EQ","112.40","117.65","112.00","111.45","115.55","115.40","114.71","201.70","63.50",99372353,"11,398,798,628.65",266743
"04-Aug-2020","EQ","112.95","115.10","110.80","113.05","111.15","111.45","112.99","201.70","63.50",95906991,"10,836,885,472.50",270181
"03-Aug-2020","EQ","103.00","114.40","102.90","104.65","111.70","113.05","111.21","201.70","63.50",194765847,"21,659,457,969.70",522686
"31-Jul-2020","EQ","104.00","105.40","102.30","103.65","105.05","104.65","103.62","201.70","63.50",33809020,"3,503,235,249.05",115278
"30-Jul-2020","EQ","106.40","106.75","102.85","105.75","103.25","103.65","104.75","201.70","63.50",33382883,"3,496,799,099.30",128190
"29-Jul-2020","EQ","108.10","108.75","104.85","106.45","105.70","105.75","107.06","201.70","63.50",44561874,"4,770,924,220.50",148403
"28-Jul-2020","EQ","102.30","107.20","102.00","101.70","106.20","106.45","105.32","201.70","63.50",64271556,"6,769,364,530.50",201485
"27-Jul-2020","EQ","104.00","104.50","101.30","103.75","101.90","101.70","102.52","201.70","63.50",29646442,"3,039,412,219.05",108291
"24-Jul-2020","EQ","104.70","105.50","102.70","106.05","103.65","103.75","103.96","201.70","63.50",39366097,"4,092,598,759.20",141124
"23-Jul-2020","EQ","105.45","106.45","104.70","105.15","106.00","106.05","105.82","201.70","63.50",30722468,"3,251,015,129.10",110868
"22-Jul-2020","EQ","108.50","109.75","104.25","108.45","105.45","105.15","106.63","201.70","63.50",50740709,"5,410,389,990.60",145177
"21-Jul-2020","EQ","106.00","109.70","105.50","105.05","108.15","108.45","108.29","201.70","63.50",66009182,"7,148,058,532.50",203404
"20-Jul-2020","EQ","106.35","106.35","103.85","106.40","104.95","105.05","104.89","201.70","63.50",39787958,"4,173,385,092.95",139285
"17-Jul-2020","EQ","103.65","106.95","103.30","102.95","106.35","106.40","105.36","201.70","63.50",42080407,"4,433,655,800.35",124209
"16-Jul-2020","EQ","103.95","103.95","100.60","103.20","102.95","102.95","102.04","201.70","63.50",44334635,"4,523,794,662.95",139777
"15-Jul-2020","EQ","106.80","106.80","102.50","105.15","103.45","103.20","104.91","201.70","63.50",49688858,"5,212,839,571.65",139212
"14-Jul-2020","EQ","106.90","107.55","104.10","108.00","105.20","105.15","105.61","201.70","63.50",46926242,"4,955,888,824.45",157141
"13-Jul-2020","EQ","108.85","112.10","106.85","107.60","108.30","108.00","109.45","201.70","63.50",81900473,"8,963,698,527.00",242525
"10-Jul-2020","EQ","106.70","108.60","105.40","106.95","107.25","107.60","107.29","201.70","63.50",64694703,"6,941,070,227.55",194661
"09-Jul-2020","EQ","106.30","108.95","104.65","105.35","107.40","106.95","106.29","201.70","63.50",54492889,"5,791,959,319.15",168116
"08-Jul-2020","EQ","109.50","110.85","104.20","109.05","105.60","105.35","108.26","201.70","63.50",55890628,"6,050,449,265.85",178778
"07-Jul-2020","EQ","109.80","112.60","108.05","109.00","108.95","109.05","110.06","201.70","63.50",85842146,"9,447,829,039.25",268526
"06-Jul-2020","EQ","105.00","109.90","104.50","103.45","109.00","109.00","107.22","201.70","63.50",91971938,"9,860,857,140.10",277964
"03-Jul-2020","EQ","102.85","106.35","102.10","101.55","103.40","103.45","104.61","201.70","63.50",87312581,"9,133,652,903.35",254018
"02-Jul-2020","EQ","100.75","102.95","100.40","100.75","101.65","101.55","101.58","201.70","63.50",48086112,"4,884,423,475.65",144870
"01-Jul-2020","EQ","99.00","101.45","98.20","98.25","100.50","100.75","100.12","201.70","63.50",50868246,"5,092,821,784.05",169169
"30-Jun-2020","EQ","101.75","102.30","97.30","99.45","98.75","98.25","99.31","201.70","63.50",50767147,"5,041,796,650.35",172501
"29-Jun-2020","EQ","101.40","101.40","98.05","101.40","99.70","99.45","99.36","201.70","63.50",43275076,"4,299,690,110.10",149166
"26-Jun-2020","EQ","105.40","106.05","100.35","103.80","102.00","101.40","103.24","201.70","63.50",56328105,"5,815,359,241.50",171279
"25-Jun-2020","EQ","103.85","106.30","101.65","104.80","104.00","103.80","104.27","201.70","63.50",63198650,"6,589,889,056.75",184772
"24-Jun-2020","EQ","105.25","110.80","104.20","104.40","105.15","104.80","107.96","201.70","63.50",125462474,"13,544,573,100.30",368519
"23-Jun-2020","EQ","103.00","106.00","101.90","102.65","104.40","104.40","103.78","201.70","63.50",68638635,"7,123,423,356.00",192404
"22-Jun-2020","EQ","102.35","104.90","101.00","102.50","102.55","102.65","103.22","201.70","63.50",68549914,"7,075,905,878.55",227836
"19-Jun-2020","EQ","96.50","103.90","95.60","96.35","101.90","102.50","100.87","201.70","63.50",135463691,"13,664,218,657.35",378796
"18-Jun-2020","EQ","95.00","97.20","94.15","95.40","96.50","96.35","96.14","201.70","63.50",58964763,"5,668,876,582.75",197722
"17-Jun-2020","EQ","93.00","96.40","91.80","94.75","95.35","95.40","94.59","201.70","63.50",110831825,"10,483,923,104.05",298090
"16-Jun-2020","EQ","102.00","103.50","92.00","100.50","94.60","94.75","96.73","201.70","63.50",215478234,"20,843,420,253.70",628969
"15-Jun-2020","EQ","104.65","104.65","100.05","105.30","100.65","100.50","101.81","201.70","63.50",69320247,"7,057,151,337.20",223353
"12-Jun-2020","EQ","98.00","106.25","98.00","106.15","104.75","105.30","101.92","201.70","63.50",92997378,"9,478,305,551.90",288327
"11-Jun-2020","EQ","109.90","111.15","105.00","111.40","106.10","106.15","109.05","201.70","63.50",55488921,"6,050,806,894.65",187716
"10-Jun-2020","EQ","111.00","113.00","108.50","111.45","112.20","111.40","111.02","201.70","63.50",84038803,"9,330,335,106.05",268868
"09-Jun-2020","EQ","117.45","117.90","110.25","115.45","111.25","111.45","114.00","201.70","63.50",79474755,"9,059,896,597.20",256089
"08-Jun-2020","EQ","114.00","119.15","113.35","110.75","115.65","115.45","115.87","201.70","63.50",136948454,"15,868,133,689.75",413849
"05-Jun-2020","EQ","100.45","112.45","99.05","98.50","111.95","110.75","106.99","201.70","63.50",187212583,"20,029,378,696.30",503188
"04-Jun-2020","EQ","99.00","101.40","96.80","98.75","98.75","98.50","99.23","201.70","63.50",72080989,"7,152,572,719.60",209721
"03-Jun-2020","EQ","100.00","101.45","97.40","96.50","98.50","98.75","100.15","201.70","63.50",90600115,"9,073,798,058.20",296653
"02-Jun-2020","EQ","90.00","97.30","89.75","89.55","96.15","96.50","94.26","201.70","63.50",125410755,"11,821,393,581.20",347165
"01-Jun-2020","EQ","88.90","91.20","88.00","87.00","89.60","89.55","90.03","201.70","63.50",71081216,"6,399,189,823.50",207071
"29-May-2020","EQ","85.55","87.50","84.65","87.00","86.70","87.00","85.84","201.70","63.50",80819025,"6,937,284,941.50",210894
"28-May-2020","EQ","86.00","88.15","84.55","84.55","87.15","87.00","86.48","201.70","63.50",96183461,"8,317,754,409.30",254053
"27-May-2020","EQ","84.10","86.00","84.00","83.10","84.70","84.55","84.95","201.70","63.50",57958863,"4,923,419,055.20",144270
"26-May-2020","EQ","83.90","85.70","82.60","82.80","83.25","83.10","84.10","201.70","63.50",38018351,"3,197,222,250.60",116618
"22-May-2020","EQ","83.40","83.90","82.00","84.10","83.05","82.80","82.82","201.70","63.50",29252936,"2,422,831,924.30",96301
"21-May-2020","EQ","83.10","85.20","82.90","83.45","83.95","84.10","84.26","201.70","63.50",37290910,"3,142,196,365.85",119854
"20-May-2020","EQ","81.25","84.40","80.70","81.80","83.65","83.45","82.97","201.70","63.50",36351616,"3,015,914,660.45",116445
"19-May-2020","EQ","82.50","85.65","81.50","80.65","82.30","81.80","83.66","201.70","63.50",65379359,"5,469,427,810.40",194462
"18-May-2020","EQ","84.50","84.50","79.60","84.35","80.90","80.65","81.14","201.70","63.50",44221575,"3,588,181,738.75",163410
"15-May-2020","EQ","84.70","85.35","82.80","83.80","84.15","84.35","83.91","201.70","63.50",38594210,"3,238,366,014.30",124113
"14-May-2020","EQ","83.95","85.30","82.55","87.20","83.90","83.80","84.09","201.70","63.50",46341703,"3,896,726,738.70",173963
"13-May-2020","EQ","92.50","92.50","86.25","86.20","88.00","87.20","88.65","201.70","63.50",68086246,"6,036,002,630.40",237994
"12-May-2020","EQ","85.95","87.70","83.50","86.10","86.45","86.20","85.02","201.70","63.50",77552355,"6,593,767,114.50",245351
"11-May-2020","EQ","81.45","90.65","81.40","81.05","85.85","86.10","86.95","201.70","63.50",152592033,"13,267,842,790.60",470511
"08-May-2020","EQ","84.50","84.95","80.55","82.50","81.20","81.05","82.46","204.50","63.50",35363226,"2,916,175,375.35",135944
"07-May-2020","EQ","82.90","84.65","82.10","83.20","82.55","82.50","83.28","204.50","63.50",31160671,"2,595,015,270.60",119183
"06-May-2020","EQ","81.55","83.95","80.35","80.90","83.70","83.20","82.54","204.50","63.50",53739428,"4,435,743,139.40",166733
"05-May-2020","EQ","86.00","86.80","80.40","83.90","81.00","80.90","84.32","204.50","63.50",57123018,"4,816,372,491.95",194041
"04-May-2020","EQ","87.00","87.20","81.50","93.25","84.05","83.90","84.10","204.50","63.50",91167307,"7,666,846,446.55",327945
"30-Apr-2020","EQ","85.95","93.75","85.95","78.15","93.75","93.25","89.27","218.65","63.50",170645234,"15,233,902,188.60",519684
"29-Apr-2020","EQ","77.45","79.30","76.55","76.95","78.15","78.15","78.07","218.65","63.50",40785025,"3,184,101,597.95",133880
"28-Apr-2020","EQ","75.65","78.20","75.20","75.25","76.85","76.95","76.83","218.65","63.50",34825466,"2,675,737,156.65",107365
"27-Apr-2020","EQ","75.90","76.20","74.80","74.20","75.15","75.25","75.40","218.65","63.50",27835405,"2,098,869,538.60",93555
"24-Apr-2020","EQ","75.00","76.90","74.00","75.65","74.30","74.20","75.51","239.35","63.50",40054235,"3,024,343,540.85",129250
"23-Apr-2020","EQ","76.75","78.65","75.40","75.90","75.90","75.65","76.94","239.35","63.50",50372620,"3,875,896,447.15",161989
"22-Apr-2020","EQ","74.45","76.55","72.55","74.65","76.15","75.90","74.34","239.35","63.50",56529909,"4,202,665,230.00",183754
"21-Apr-2020","EQ","78.00","78.00","74.00","80.45","74.45","74.65","75.47","239.35","63.50",58249560,"4,396,212,525.25",223568
"20-Apr-2020","EQ","76.85","83.40","75.50","76.85","80.10","80.45","80.94","239.35","63.50",125427754,"10,152,471,072.75",400016
"17-Apr-2020","EQ","78.30","78.30","74.70","74.65","76.85","76.85","76.11","239.35","63.50",58336227,"4,440,093,616.10",186796
"16-Apr-2020","EQ","71.75","75.40","71.00","72.90","75.10","74.65","73.69","239.35","63.50",47910556,"3,530,429,563.40",152202
"15-Apr-2020","EQ","75.40","78.70","71.95","74.25","73.10","72.90","75.43","239.35","63.50",81126343,"6,119,055,679.55",277572
"13-Apr-2020","EQ","76.00","77.60","72.70","74.60","74.50","74.25","74.47","239.35","63.50",70414018,"5,243,381,173.05",256322
"09-Apr-2020","EQ","69.60","76.25","69.10","67.60","74.50","74.60","73.81","239.35","63.50",112680750,"8,317,423,006.45",350425
"08-Apr-2020","EQ","66.50","71.60","65.40","67.25","67.75","67.60","68.76","239.35","63.50",82182403,"5,651,185,283.15",248580
"07-Apr-2020","EQ","68.55","69.30","66.90","65.30","67.20","67.25","67.81","239.35","63.50",42070735,"2,852,689,753.50",149087
"03-Apr-2020","EQ","66.90","66.90","64.80","67.95","65.45","65.30","65.50","239.35","63.50",35346490,"2,315,141,908.30",161810
"01-Apr-2020","EQ","70.50","71.65","67.55","71.05","67.95","67.95","69.14","239.35","63.50",38167981,"2,639,050,316.25",158063
"31-Mar-2020","EQ","70.60","71.50","68.20","68.15","70.75","71.05","70.08","239.35","63.50",46166723,"3,235,587,579.60",176816
"30-Mar-2020","EQ","68.80","70.00","67.25","70.70","68.40","68.15","68.60","239.35","63.50",35278179,"2,420,105,926.65",145591
"27-Mar-2020","EQ","72.05","75.90","69.35","70.80","70.70","70.70","72.09","239.35","63.50",58824452,"4,240,753,903.30",221468
"26-Mar-2020","EQ","71.45","73.50","68.30","70.25","70.95","70.80","70.90","239.35","63.50",63822905,"4,525,109,545.40",240944
"25-Mar-2020","EQ","67.75","71.70","67.25","68.55","70.10","70.25","69.25","239.35","63.50",57716006,"3,996,750,125.95",221008
"24-Mar-2020","EQ","69.90","71.50","63.50","66.20","68.95","68.55","67.98","239.35","63.50",49553202,"3,368,402,736.20",231290
"23-Mar-2020","EQ","70.00","72.00","66.00","77.30","66.70","66.20","68.84","239.35","66.00",34184331,"2,353,225,185.20",205748
"20-Mar-2020","EQ","74.00","79.60","72.65","72.95","77.80","77.30","76.07","239.35","68.75",86044637,"6,545,378,298.55",260134
"19-Mar-2020","EQ","70.00","76.50","68.75","75.50","72.90","72.95","72.83","239.35","68.75",68124538,"4,961,345,452.90",258513
"18-Mar-2020","EQ","79.90","80.45","75.10","77.95","75.40","75.50","77.29","239.35","75.10",70134169,"5,420,935,074.25",255759
"17-Mar-2020","EQ","83.05","85.00","77.40","82.95","77.50","77.95","81.57","239.35","77.40",71849223,"5,860,881,651.10",294238
"16-Mar-2020","EQ","85.60","87.65","82.20","89.75","82.60","82.95","84.99","239.35","78.05",73707690,"6,264,695,282.20",280638
"13-Mar-2020","EQ","81.90","94.15","78.05","88.00","90.50","89.75","87.17","239.35","78.05",106153102,"9,253,211,498.25",428426
"12-Mar-2020","EQ","91.10","94.90","84.10","98.90","88.95","88.00","89.33","239.35","84.10",143551005,"12,823,134,333.10",483314
"11-Mar-2020","EQ","104.85","106.50","97.80","105.70","98.35","98.90","101.88","239.35","97.80",111148611,"11,323,926,446.30",335274
"09-Mar-2020","EQ","109.00","109.85","104.25","114.20","104.90","105.70","107.19","239.35","104.25",81550460,"8,741,634,311.05",284834
"06-Mar-2020","EQ","115.00","117.30","112.80","125.75","113.80","114.20","114.92","239.35","106.00",83971462,"9,649,959,731.30",331758
"05-Mar-2020","EQ","127.55","129.15","124.25","126.20","124.75","125.75","126.45","239.35","106.00",87795649,"11,102,025,232.35",268826
"04-Mar-2020","EQ","129.60","129.60","120.55","130.35","126.40","126.20","124.90","239.35","106.00",97546902,"12,183,611,418.40",294498
"03-Mar-2020","EQ","127.50","131.40","125.25","125.40","130.40","130.35","127.87","239.35","106.00",86765576,"11,094,977,773.95",287946
"02-Mar-2020","EQ","133.00","133.90","123.80","128.95","125.10","125.40","128.88","239.35","106.00",111585697,"14,381,475,114.05",340443
"28-Feb-2020","EQ","138.85","139.60","127.05","145.25","129.65","128.95","132.43","239.35","106.00",94469619,"12,510,276,083.70",341462
"27-Feb-2020","EQ","144.15","146.75","141.10","144.55","145.30","145.25","143.41","239.35","106.00",51328153,"7,361,202,476.30",180842
"26-Feb-2020","EQ","146.90","147.90","143.70","149.90","144.50","144.55","145.64","239.35","106.00",47605927,"6,933,104,207.95",218833
"25-Feb-2020","EQ","152.20","153.40","147.45","150.65","150.45","149.90","149.93","239.35","106.00",52719851,"7,904,055,121.55",199104
"24-Feb-2020","EQ","154.00","155.90","149.60","158.50","150.60","150.65","153.41","239.35","106.00",39706007,"6,091,447,107.90",191095
"20-Feb-2020","EQ","157.95","162.30","156.00","158.05","158.75","158.50","159.44","239.35","106.00",54328194,"8,662,156,731.75",205410
"19-Feb-2020","EQ","162.85","164.60","153.05","161.60","158.10","158.05","157.33","239.35","106.00",78914233,"12,415,430,958.40",321799
"18-Feb-2020","EQ","168.00","168.00","158.60","169.10","162.55","161.60","162.25","239.35","106.00",52744122,"8,557,786,349.95",208214
"17-Feb-2020","EQ","170.40","171.35","166.35","169.10","170.00","169.10","168.83","239.35","106.00",32893274,"5,553,481,163.50",142023
"14-Feb-2020","EQ","172.00","176.20","168.30","169.50","169.65","169.10","172.52","239.35","106.00",56676430,"9,777,617,788.55",233526
"13-Feb-2020","EQ","171.35","172.35","168.10","170.95","169.65","169.50","169.70","239.35","106.00",25049848,"4,250,882,168.25",99951
"12-Feb-2020","EQ","173.00","173.30","169.00","169.75","171.10","170.95","170.83","239.35","106.00",34621395,"5,914,262,730.25",136834
"11-Feb-2020","EQ","171.85","175.15","168.40","168.90","170.05","169.75","172.50","239.35","106.00",42868276,"7,394,806,327.20",170810
"10-Feb-2020","EQ","173.20","173.20","168.00","173.60","169.00","168.90","169.44","239.35","106.00",33279372,"5,639,013,357.20",155885
"07-Feb-2020","EQ","177.40","178.15","173.00","178.85","173.50","173.60","175.19","239.35","106.00",45195760,"7,918,066,883.85",180734
"06-Feb-2020","EQ","182.00","183.40","175.75","183.75","178.50","178.85","179.03","239.35","106.00",61821140,"11,067,757,265.40",256544
"05-Feb-2020","EQ","167.40","184.95","166.60","165.70","183.40","183.75","177.48","239.35","106.00",92982265,"16,502,392,134.00",357445
"04-Feb-2020","EQ","166.55","168.60","161.20","163.85","166.35","165.70","165.32","239.35","106.00",49034642,"8,106,525,605.95",224465
"03-Feb-2020","EQ","163.50","168.30","159.55","165.60","164.40","163.85","163.79","239.35","106.00",66616190,"10,911,302,308.80",311155
"01-Feb-2020","EQ","175.40","178.80","163.70","176.60","165.40","165.60","172.07","239.35","106.00",42515114,"7,315,732,244.80",233423